date_key,full_date,day,month,month_name,quarter,year
20150917,2015-09-17,17,9,September,3,2015
20180914,2018-09-14,14,9,September,3,2018
20191122,2019-11-22,22,11,November,4,2019
20200101,2020-01-01,1,1,January,1,2020
20200102,2020-01-02,2,1,January,1,2020
20200103,2020-01-03,3,1,January,1,2020
20200104,2020-01-04,4,1,January,1,2020
20200105,2020-01-05,5,1,January,1,2020
20200106,2020-01-06,6,1,January,1,2020
20200107,2020-01-07,7,1,January,1,2020
20200108,2020-01-08,8,1,January,1,2020
20200109,2020-01-09,9,1,January,1,2020
20200110,2020-01-10,10,1,January,1,2020
20200111,2020-01-11,11,1,January,1,2020
20200112,2020-01-12,12,1,January,1,2020
20200113,2020-01-13,13,1,January,1,2020
20200114,2020-01-14,14,1,January,1,2020
20200115,2020-01-15,15,1,January,1,2020
20200116,2020-01-16,16,1,January,1,2020
20200117,2020-01-17,17,1,January,1,2020
20200118,2020-01-18,18,1,January,1,2020
20200119,2020-01-19,19,1,January,1,2020
20200120,2020-01-20,20,1,January,1,2020
20200121,2020-01-21,21,1,January,1,2020
20200122,2020-01-22,22,1,January,1,2020
20200123,2020-01-23,23,1,January,1,2020
20200124,2020-01-24,24,1,January,1,2020
20200125,2020-01-25,25,1,January,1,2020
20200127,2020-01-27,27,1,January,1,2020
20200128,2020-01-28,28,1,January,1,2020
20200129,2020-01-29,29,1,January,1,2020
20200130,2020-01-30,30,1,January,1,2020
20200131,2020-01-31,31,1,January,1,2020
20200201,2020-02-01,1,2,February,1,2020
20200202,2020-02-02,2,2,February,1,2020
20200203,2020-02-03,3,2,February,1,2020
20200204,2020-02-04,4,2,February,1,2020
20200205,2020-02-05,5,2,February,1,2020
20200206,2020-02-06,6,2,February,1,2020
20200207,2020-02-07,7,2,February,1,2020
20200208,2020-02-08,8,2,February,1,2020
20200209,2020-02-09,9,2,February,1,2020
20200210,2020-02-10,10,2,February,1,2020
20200211,2020-02-11,11,2,February,1,2020
20200212,2020-02-12,12,2,February,1,2020
20200213,2020-02-13,13,2,February,1,2020
20200214,2020-02-14,14,2,February,1,2020
20200215,2020-02-15,15,2,February,1,2020
20200216,2020-02-16,16,2,February,1,2020
20200217,2020-02-17,17,2,February,1,2020
20200218,2020-02-18,18,2,February,1,2020
20200219,2020-02-19,19,2,February,1,2020
20200220,2020-02-20,20,2,February,1,2020
20200221,2020-02-21,21,2,February,1,2020
20200222,2020-02-22,22,2,February,1,2020
20200223,2020-02-23,23,2,February,1,2020
20200224,2020-02-24,24,2,February,1,2020
20200225,2020-02-25,25,2,February,1,2020
20200226,2020-02-26,26,2,February,1,2020
20200227,2020-02-27,27,2,February,1,2020
20200228,2020-02-28,28,2,February,1,2020
20200229,2020-02-29,29,2,February,1,2020
20200301,2020-03-01,1,3,March,1,2020
20200302,2020-03-02,2,3,March,1,2020
20200303,2020-03-03,3,3,March,1,2020
20200304,2020-03-04,4,3,March,1,2020
20200305,2020-03-05,5,3,March,1,2020
20200306,2020-03-06,6,3,March,1,2020
20200307,2020-03-07,7,3,March,1,2020
20200308,2020-03-08,8,3,March,1,2020
20200309,2020-03-09,9,3,March,1,2020
20200310,2020-03-10,10,3,March,1,2020
20200311,2020-03-11,11,3,March,1,2020
20200312,2020-03-12,12,3,March,1,2020
20200313,2020-03-13,13,3,March,1,2020
20200314,2020-03-14,14,3,March,1,2020
20200315,2020-03-15,15,3,March,1,2020
20200316,2020-03-16,16,3,March,1,2020
20200317,2020-03-17,17,3,March,1,2020
20200318,2020-03-18,18,3,March,1,2020
20200319,2020-03-19,19,3,March,1,2020
20200320,2020-03-20,20,3,March,1,2020
20200321,2020-03-21,21,3,March,1,2020
20200322,2020-03-22,22,3,March,1,2020
20200323,2020-03-23,23,3,March,1,2020
20200324,2020-03-24,24,3,March,1,2020
20200325,2020-03-25,25,3,March,1,2020
20200326,2020-03-26,26,3,March,1,2020
20200327,2020-03-27,27,3,March,1,2020
20200328,2020-03-28,28,3,March,1,2020
20200329,2020-03-29,29,3,March,1,2020
20200330,2020-03-30,30,3,March,1,2020
20200331,2020-03-31,31,3,March,1,2020
20200401,2020-04-01,1,4,April,2,2020
20200402,2020-04-02,2,4,April,2,2020
20200403,2020-04-03,3,4,April,2,2020
20200404,2020-04-04,4,4,April,2,2020
20200406,2020-04-06,6,4,April,2,2020
20200407,2020-04-07,7,4,April,2,2020
20200408,2020-04-08,8,4,April,2,2020
20200409,2020-04-09,9,4,April,2,2020
20200410,2020-04-10,10,4,April,2,2020
20200411,2020-04-11,11,4,April,2,2020
20200412,2020-04-12,12,4,April,2,2020
20200413,2020-04-13,13,4,April,2,2020
20200414,2020-04-14,14,4,April,2,2020
20200415,2020-04-15,15,4,April,2,2020
20200416,2020-04-16,16,4,April,2,2020
20200417,2020-04-17,17,4,April,2,2020
20200418,2020-04-18,18,4,April,2,2020
20200419,2020-04-19,19,4,April,2,2020
20200420,2020-04-20,20,4,April,2,2020
20200421,2020-04-21,21,4,April,2,2020
20200422,2020-04-22,22,4,April,2,2020
20200423,2020-04-23,23,4,April,2,2020
20200424,2020-04-24,24,4,April,2,2020
20200425,2020-04-25,25,4,April,2,2020
20200426,2020-04-26,26,4,April,2,2020
20200427,2020-04-27,27,4,April,2,2020
20200428,2020-04-28,28,4,April,2,2020
20200429,2020-04-29,29,4,April,2,2020
20200430,2020-04-30,30,4,April,2,2020
20200501,2020-05-01,1,5,May,2,2020
20200503,2020-05-03,3,5,May,2,2020
20200504,2020-05-04,4,5,May,2,2020
20200505,2020-05-05,5,5,May,2,2020
20200506,2020-05-06,6,5,May,2,2020
20200507,2020-05-07,7,5,May,2,2020
20200508,2020-05-08,8,5,May,2,2020
20200509,2020-05-09,9,5,May,2,2020
20200510,2020-05-10,10,5,May,2,2020
20200511,2020-05-11,11,5,May,2,2020
20200512,2020-05-12,12,5,May,2,2020
20200513,2020-05-13,13,5,May,2,2020
20200514,2020-05-14,14,5,May,2,2020
20200515,2020-05-15,15,5,May,2,2020
20200516,2020-05-16,16,5,May,2,2020
20200517,2020-05-17,17,5,May,2,2020
20200518,2020-05-18,18,5,May,2,2020
20200519,2020-05-19,19,5,May,2,2020
20200520,2020-05-20,20,5,May,2,2020
20200521,2020-05-21,21,5,May,2,2020
20200522,2020-05-22,22,5,May,2,2020
20200523,2020-05-23,23,5,May,2,2020
20200524,2020-05-24,24,5,May,2,2020
20200525,2020-05-25,25,5,May,2,2020
20200526,2020-05-26,26,5,May,2,2020
20200527,2020-05-27,27,5,May,2,2020
20200528,2020-05-28,28,5,May,2,2020
20200529,2020-05-29,29,5,May,2,2020
20200530,2020-05-30,30,5,May,2,2020
20200531,2020-05-31,31,5,May,2,2020
20200601,2020-06-01,1,6,June,2,2020
20200602,2020-06-02,2,6,June,2,2020
20200603,2020-06-03,3,6,June,2,2020
20200604,2020-06-04,4,6,June,2,2020
20200605,2020-06-05,5,6,June,2,2020
20200606,2020-06-06,6,6,June,2,2020
20200607,2020-06-07,7,6,June,2,2020
20200608,2020-06-08,8,6,June,2,2020
20200609,2020-06-09,9,6,June,2,2020
20200610,2020-06-10,10,6,June,2,2020
20200611,2020-06-11,11,6,June,2,2020
20200612,2020-06-12,12,6,June,2,2020
20200613,2020-06-13,13,6,June,2,2020
20200614,2020-06-14,14,6,June,2,2020
20200615,2020-06-15,15,6,June,2,2020
20200616,2020-06-16,16,6,June,2,2020
20200617,2020-06-17,17,6,June,2,2020
20200618,2020-06-18,18,6,June,2,2020
20200619,2020-06-19,19,6,June,2,2020
20200620,2020-06-20,20,6,June,2,2020
20200621,2020-06-21,21,6,June,2,2020
20200622,2020-06-22,22,6,June,2,2020
20200623,2020-06-23,23,6,June,2,2020
20200624,2020-06-24,24,6,June,2,2020
20200625,2020-06-25,25,6,June,2,2020
20200626,2020-06-26,26,6,June,2,2020
20200628,2020-06-28,28,6,June,2,2020
20200629,2020-06-29,29,6,June,2,2020
20200630,2020-06-30,30,6,June,2,2020
20200701,2020-07-01,1,7,July,3,2020
20200702,2020-07-02,2,7,July,3,2020
20200703,2020-07-03,3,7,July,3,2020
20200704,2020-07-04,4,7,July,3,2020
20200705,2020-07-05,5,7,July,3,2020
20200706,2020-07-06,6,7,July,3,2020
20200707,2020-07-07,7,7,July,3,2020
20200708,2020-07-08,8,7,July,3,2020
20200709,2020-07-09,9,7,July,3,2020
20200710,2020-07-10,10,7,July,3,2020
20200711,2020-07-11,11,7,July,3,2020
20200712,2020-07-12,12,7,July,3,2020
20200713,2020-07-13,13,7,July,3,2020
20200714,2020-07-14,14,7,July,3,2020
20200715,2020-07-15,15,7,July,3,2020
20200716,2020-07-16,16,7,July,3,2020
20200717,2020-07-17,17,7,July,3,2020
20200718,2020-07-18,18,7,July,3,2020
20200719,2020-07-19,19,7,July,3,2020
20200720,2020-07-20,20,7,July,3,2020
20200721,2020-07-21,21,7,July,3,2020
20200722,2020-07-22,22,7,July,3,2020
20200723,2020-07-23,23,7,July,3,2020
20200724,2020-07-24,24,7,July,3,2020
20200725,2020-07-25,25,7,July,3,2020
20200726,2020-07-26,26,7,July,3,2020
20200727,2020-07-27,27,7,July,3,2020
20200728,2020-07-28,28,7,July,3,2020
20200729,2020-07-29,29,7,July,3,2020
20200730,2020-07-30,30,7,July,3,2020
20200731,2020-07-31,31,7,July,3,2020
20200801,2020-08-01,1,8,August,3,2020
20200802,2020-08-02,2,8,August,3,2020
20200803,2020-08-03,3,8,August,3,2020
20200804,2020-08-04,4,8,August,3,2020
20200805,2020-08-05,5,8,August,3,2020
20200806,2020-08-06,6,8,August,3,2020
20200807,2020-08-07,7,8,August,3,2020
20200808,2020-08-08,8,8,August,3,2020
20200809,2020-08-09,9,8,August,3,2020
20200810,2020-08-10,10,8,August,3,2020
20200811,2020-08-11,11,8,August,3,2020
20200812,2020-08-12,12,8,August,3,2020
20200813,2020-08-13,13,8,August,3,2020
20200814,2020-08-14,14,8,August,3,2020
20200815,2020-08-15,15,8,August,3,2020
20200816,2020-08-16,16,8,August,3,2020
20200817,2020-08-17,17,8,August,3,2020
20200818,2020-08-18,18,8,August,3,2020
20200819,2020-08-19,19,8,August,3,2020
20200820,2020-08-20,20,8,August,3,2020
20200821,2020-08-21,21,8,August,3,2020
20200822,2020-08-22,22,8,August,3,2020
20200823,2020-08-23,23,8,August,3,2020
20200824,2020-08-24,24,8,August,3,2020
20200825,2020-08-25,25,8,August,3,2020
20200826,2020-08-26,26,8,August,3,2020
20200827,2020-08-27,27,8,August,3,2020
20200828,2020-08-28,28,8,August,3,2020
20200829,2020-08-29,29,8,August,3,2020
20200830,2020-08-30,30,8,August,3,2020
20200831,2020-08-31,31,8,August,3,2020
20200901,2020-09-01,1,9,September,3,2020
20200902,2020-09-02,2,9,September,3,2020
20200903,2020-09-03,3,9,September,3,2020
20200904,2020-09-04,4,9,September,3,2020
20200905,2020-09-05,5,9,September,3,2020
20200906,2020-09-06,6,9,September,3,2020
20200907,2020-09-07,7,9,September,3,2020
20200908,2020-09-08,8,9,September,3,2020
20200909,2020-09-09,9,9,September,3,2020
20200910,2020-09-10,10,9,September,3,2020
20200911,2020-09-11,11,9,September,3,2020
20200913,2020-09-13,13,9,September,3,2020
20200914,2020-09-14,14,9,September,3,2020
20200915,2020-09-15,15,9,September,3,2020
20200916,2020-09-16,16,9,September,3,2020
20200917,2020-09-17,17,9,September,3,2020
20200918,2020-09-18,18,9,September,3,2020
20200919,2020-09-19,19,9,September,3,2020
20200920,2020-09-20,20,9,September,3,2020
20200921,2020-09-21,21,9,September,3,2020
20200922,2020-09-22,22,9,September,3,2020
20200923,2020-09-23,23,9,September,3,2020
20200924,2020-09-24,24,9,September,3,2020
20200925,2020-09-25,25,9,September,3,2020
20200926,2020-09-26,26,9,September,3,2020
20200927,2020-09-27,27,9,September,3,2020
20200928,2020-09-28,28,9,September,3,2020
20200929,2020-09-29,29,9,September,3,2020
20200930,2020-09-30,30,9,September,3,2020
20201001,2020-10-01,1,10,October,4,2020
20201002,2020-10-02,2,10,October,4,2020
20201003,2020-10-03,3,10,October,4,2020
20201004,2020-10-04,4,10,October,4,2020
20201005,2020-10-05,5,10,October,4,2020
20201006,2020-10-06,6,10,October,4,2020
20201007,2020-10-07,7,10,October,4,2020
20201008,2020-10-08,8,10,October,4,2020
20201009,2020-10-09,9,10,October,4,2020
20201010,2020-10-10,10,10,October,4,2020
20201011,2020-10-11,11,10,October,4,2020
20201012,2020-10-12,12,10,October,4,2020
20201013,2020-10-13,13,10,October,4,2020
20201014,2020-10-14,14,10,October,4,2020
20201015,2020-10-15,15,10,October,4,2020
20201016,2020-10-16,16,10,October,4,2020
20201017,2020-10-17,17,10,October,4,2020
20201018,2020-10-18,18,10,October,4,2020
20201019,2020-10-19,19,10,October,4,2020
20201020,2020-10-20,20,10,October,4,2020
20201021,2020-10-21,21,10,October,4,2020
20201022,2020-10-22,22,10,October,4,2020
20201023,2020-10-23,23,10,October,4,2020
20201024,2020-10-24,24,10,October,4,2020
20201025,2020-10-25,25,10,October,4,2020
20201026,2020-10-26,26,10,October,4,2020
20201027,2020-10-27,27,10,October,4,2020
20201028,2020-10-28,28,10,October,4,2020
20201029,2020-10-29,29,10,October,4,2020
20201030,2020-10-30,30,10,October,4,2020
20201031,2020-10-31,31,10,October,4,2020
20201101,2020-11-01,1,11,November,4,2020
20201102,2020-11-02,2,11,November,4,2020
20201103,2020-11-03,3,11,November,4,2020
20201104,2020-11-04,4,11,November,4,2020
20201105,2020-11-05,5,11,November,4,2020
20201106,2020-11-06,6,11,November,4,2020
20201107,2020-11-07,7,11,November,4,2020
20201108,2020-11-08,8,11,November,4,2020
20201109,2020-11-09,9,11,November,4,2020
20201110,2020-11-10,10,11,November,4,2020
20201111,2020-11-11,11,11,November,4,2020
20201112,2020-11-12,12,11,November,4,2020
20201113,2020-11-13,13,11,November,4,2020
20201114,2020-11-14,14,11,November,4,2020
20201115,2020-11-15,15,11,November,4,2020
20201116,2020-11-16,16,11,November,4,2020
20201117,2020-11-17,17,11,November,4,2020
20201118,2020-11-18,18,11,November,4,2020
20201119,2020-11-19,19,11,November,4,2020
20201120,2020-11-20,20,11,November,4,2020
20201121,2020-11-21,21,11,November,4,2020
20201122,2020-11-22,22,11,November,4,2020
20201123,2020-11-23,23,11,November,4,2020
20201124,2020-11-24,24,11,November,4,2020
20201125,2020-11-25,25,11,November,4,2020
20201126,2020-11-26,26,11,November,4,2020
20201127,2020-11-27,27,11,November,4,2020
20201128,2020-11-28,28,11,November,4,2020
20201129,2020-11-29,29,11,November,4,2020
20201130,2020-11-30,30,11,November,4,2020
20201201,2020-12-01,1,12,December,4,2020
20201202,2020-12-02,2,12,December,4,2020
20201203,2020-12-03,3,12,December,4,2020
20201204,2020-12-04,4,12,December,4,2020
20201205,2020-12-05,5,12,December,4,2020
20201206,2020-12-06,6,12,December,4,2020
20201207,2020-12-07,7,12,December,4,2020
20201208,2020-12-08,8,12,December,4,2020
20201209,2020-12-09,9,12,December,4,2020
20201210,2020-12-10,10,12,December,4,2020
20201211,2020-12-11,11,12,December,4,2020
20201212,2020-12-12,12,12,December,4,2020
20201213,2020-12-13,13,12,December,4,2020
20201214,2020-12-14,14,12,December,4,2020
20201215,2020-12-15,15,12,December,4,2020
20201216,2020-12-16,16,12,December,4,2020
20201217,2020-12-17,17,12,December,4,2020
20201218,2020-12-18,18,12,December,4,2020
20201219,2020-12-19,19,12,December,4,2020
20201220,2020-12-20,20,12,December,4,2020
20201221,2020-12-21,21,12,December,4,2020
20201222,2020-12-22,22,12,December,4,2020
20201223,2020-12-23,23,12,December,4,2020
20201224,2020-12-24,24,12,December,4,2020
20201225,2020-12-25,25,12,December,4,2020
20201226,2020-12-26,26,12,December,4,2020
20201227,2020-12-27,27,12,December,4,2020
20201228,2020-12-28,28,12,December,4,2020
20201229,2020-12-29,29,12,December,4,2020
20201230,2020-12-30,30,12,December,4,2020
20201231,2020-12-31,31,12,December,4,2020
20210101,2021-01-01,1,1,January,1,2021
20210102,2021-01-02,2,1,January,1,2021
20210103,2021-01-03,3,1,January,1,2021
20210104,2021-01-04,4,1,January,1,2021
20210105,2021-01-05,5,1,January,1,2021
20210106,2021-01-06,6,1,January,1,2021
20210107,2021-01-07,7,1,January,1,2021
20210108,2021-01-08,8,1,January,1,2021
20210109,2021-01-09,9,1,January,1,2021
20210110,2021-01-10,10,1,January,1,2021
20210111,2021-01-11,11,1,January,1,2021
20210112,2021-01-12,12,1,January,1,2021
20210113,2021-01-13,13,1,January,1,2021
20210114,2021-01-14,14,1,January,1,2021
20210115,2021-01-15,15,1,January,1,2021
20210116,2021-01-16,16,1,January,1,2021
20210117,2021-01-17,17,1,January,1,2021
20210118,2021-01-18,18,1,January,1,2021
20210119,2021-01-19,19,1,January,1,2021
20210120,2021-01-20,20,1,January,1,2021
20210121,2021-01-21,21,1,January,1,2021
20210122,2021-01-22,22,1,January,1,2021
20210123,2021-01-23,23,1,January,1,2021
20210124,2021-01-24,24,1,January,1,2021
20210125,2021-01-25,25,1,January,1,2021
20210126,2021-01-26,26,1,January,1,2021
20210127,2021-01-27,27,1,January,1,2021
20210128,2021-01-28,28,1,January,1,2021
20210129,2021-01-29,29,1,January,1,2021
20210130,2021-01-30,30,1,January,1,2021
20210131,2021-01-31,31,1,January,1,2021
20210201,2021-02-01,1,2,February,1,2021
20210202,2021-02-02,2,2,February,1,2021
20210203,2021-02-03,3,2,February,1,2021
20210204,2021-02-04,4,2,February,1,2021
20210205,2021-02-05,5,2,February,1,2021
20210206,2021-02-06,6,2,February,1,2021
20210207,2021-02-07,7,2,February,1,2021
20210208,2021-02-08,8,2,February,1,2021
20210209,2021-02-09,9,2,February,1,2021
20210210,2021-02-10,10,2,February,1,2021
20210211,2021-02-11,11,2,February,1,2021
20210212,2021-02-12,12,2,February,1,2021
20210213,2021-02-13,13,2,February,1,2021
20210214,2021-02-14,14,2,February,1,2021
20210215,2021-02-15,15,2,February,1,2021
20210216,2021-02-16,16,2,February,1,2021
20210217,2021-02-17,17,2,February,1,2021
20210218,2021-02-18,18,2,February,1,2021
20210219,2021-02-19,19,2,February,1,2021
20210220,2021-02-20,20,2,February,1,2021
20210221,2021-02-21,21,2,February,1,2021
20210222,2021-02-22,22,2,February,1,2021
20210223,2021-02-23,23,2,February,1,2021
20210224,2021-02-24,24,2,February,1,2021
20210225,2021-02-25,25,2,February,1,2021
20210226,2021-02-26,26,2,February,1,2021
20210227,2021-02-27,27,2,February,1,2021
20210228,2021-02-28,28,2,February,1,2021
20210301,2021-03-01,1,3,March,1,2021
20210302,2021-03-02,2,3,March,1,2021
20210303,2021-03-03,3,3,March,1,2021
20210304,2021-03-04,4,3,March,1,2021
20210305,2021-03-05,5,3,March,1,2021
20210306,2021-03-06,6,3,March,1,2021
20210307,2021-03-07,7,3,March,1,2021
20210308,2021-03-08,8,3,March,1,2021
20210309,2021-03-09,9,3,March,1,2021
20210310,2021-03-10,10,3,March,1,2021
20210311,2021-03-11,11,3,March,1,2021
20210312,2021-03-12,12,3,March,1,2021
20210313,2021-03-13,13,3,March,1,2021
20210314,2021-03-14,14,3,March,1,2021
20210315,2021-03-15,15,3,March,1,2021
20210316,2021-03-16,16,3,March,1,2021
20210317,2021-03-17,17,3,March,1,2021
20210318,2021-03-18,18,3,March,1,2021
20210319,2021-03-19,19,3,March,1,2021
20210320,2021-03-20,20,3,March,1,2021
20210321,2021-03-21,21,3,March,1,2021
20210322,2021-03-22,22,3,March,1,2021
20210323,2021-03-23,23,3,March,1,2021
20210324,2021-03-24,24,3,March,1,2021
20210325,2021-03-25,25,3,March,1,2021
20210326,2021-03-26,26,3,March,1,2021
20210327,2021-03-27,27,3,March,1,2021
20210328,2021-03-28,28,3,March,1,2021
20210329,2021-03-29,29,3,March,1,2021
20210330,2021-03-30,30,3,March,1,2021
20210331,2021-03-31,31,3,March,1,2021
20210401,2021-04-01,1,4,April,2,2021
20210402,2021-04-02,2,4,April,2,2021
20210403,2021-04-03,3,4,April,2,2021
20210404,2021-04-04,4,4,April,2,2021
20210405,2021-04-05,5,4,April,2,2021
20210406,2021-04-06,6,4,April,2,2021
20210407,2021-04-07,7,4,April,2,2021
20210408,2021-04-08,8,4,April,2,2021
20210409,2021-04-09,9,4,April,2,2021
20210410,2021-04-10,10,4,April,2,2021
20210411,2021-04-11,11,4,April,2,2021
20210412,2021-04-12,12,4,April,2,2021
20210413,2021-04-13,13,4,April,2,2021
20210414,2021-04-14,14,4,April,2,2021
20210415,2021-04-15,15,4,April,2,2021
20210416,2021-04-16,16,4,April,2,2021
20210418,2021-04-18,18,4,April,2,2021
20210419,2021-04-19,19,4,April,2,2021
20210420,2021-04-20,20,4,April,2,2021
20210421,2021-04-21,21,4,April,2,2021
20210422,2021-04-22,22,4,April,2,2021
20210423,2021-04-23,23,4,April,2,2021
20210424,2021-04-24,24,4,April,2,2021
20210425,2021-04-25,25,4,April,2,2021
20210426,2021-04-26,26,4,April,2,2021
20210427,2021-04-27,27,4,April,2,2021
20210428,2021-04-28,28,4,April,2,2021
20210429,2021-04-29,29,4,April,2,2021
20210430,2021-04-30,30,4,April,2,2021
20210501,2021-05-01,1,5,May,2,2021
20210502,2021-05-02,2,5,May,2,2021
20210503,2021-05-03,3,5,May,2,2021
20210504,2021-05-04,4,5,May,2,2021
20210505,2021-05-05,5,5,May,2,2021
20210506,2021-05-06,6,5,May,2,2021
20210507,2021-05-07,7,5,May,2,2021
20210508,2021-05-08,8,5,May,2,2021
20210509,2021-05-09,9,5,May,2,2021
20210510,2021-05-10,10,5,May,2,2021
20210511,2021-05-11,11,5,May,2,2021
20210512,2021-05-12,12,5,May,2,2021
20210513,2021-05-13,13,5,May,2,2021
20210514,2021-05-14,14,5,May,2,2021
20210515,2021-05-15,15,5,May,2,2021
20210516,2021-05-16,16,5,May,2,2021
20210517,2021-05-17,17,5,May,2,2021
20210518,2021-05-18,18,5,May,2,2021
20210519,2021-05-19,19,5,May,2,2021
20210520,2021-05-20,20,5,May,2,2021
20210521,2021-05-21,21,5,May,2,2021
20210522,2021-05-22,22,5,May,2,2021
20210523,2021-05-23,23,5,May,2,2021
20210524,2021-05-24,24,5,May,2,2021
20210525,2021-05-25,25,5,May,2,2021
20210526,2021-05-26,26,5,May,2,2021
20210527,2021-05-27,27,5,May,2,2021
20210528,2021-05-28,28,5,May,2,2021
20210529,2021-05-29,29,5,May,2,2021
20210530,2021-05-30,30,5,May,2,2021
20210531,2021-05-31,31,5,May,2,2021
20210601,2021-06-01,1,6,June,2,2021
20210602,2021-06-02,2,6,June,2,2021
20210603,2021-06-03,3,6,June,2,2021
20210604,2021-06-04,4,6,June,2,2021
20210605,2021-06-05,5,6,June,2,2021
20210606,2021-06-06,6,6,June,2,2021
20210607,2021-06-07,7,6,June,2,2021
20210608,2021-06-08,8,6,June,2,2021
20210609,2021-06-09,9,6,June,2,2021
20210610,2021-06-10,10,6,June,2,2021
20210611,2021-06-11,11,6,June,2,2021
20210612,2021-06-12,12,6,June,2,2021
20210613,2021-06-13,13,6,June,2,2021
20210614,2021-06-14,14,6,June,2,2021
20210615,2021-06-15,15,6,June,2,2021
20210616,2021-06-16,16,6,June,2,2021
20210617,2021-06-17,17,6,June,2,2021
20210618,2021-06-18,18,6,June,2,2021
20210619,2021-06-19,19,6,June,2,2021
20210620,2021-06-20,20,6,June,2,2021
20210621,2021-06-21,21,6,June,2,2021
20210622,2021-06-22,22,6,June,2,2021
20210623,2021-06-23,23,6,June,2,2021
20210624,2021-06-24,24,6,June,2,2021
20210625,2021-06-25,25,6,June,2,2021
20210626,2021-06-26,26,6,June,2,2021
20210628,2021-06-28,28,6,June,2,2021
20210629,2021-06-29,29,6,June,2,2021
20210630,2021-06-30,30,6,June,2,2021
20210701,2021-07-01,1,7,July,3,2021
20210702,2021-07-02,2,7,July,3,2021
20210704,2021-07-04,4,7,July,3,2021
20210706,2021-07-06,6,7,July,3,2021
20210707,2021-07-07,7,7,July,3,2021
20210708,2021-07-08,8,7,July,3,2021
20210709,2021-07-09,9,7,July,3,2021
20210710,2021-07-10,10,7,July,3,2021
20210711,2021-07-11,11,7,July,3,2021
20210712,2021-07-12,12,7,July,3,2021
20210713,2021-07-13,13,7,July,3,2021
20210714,2021-07-14,14,7,July,3,2021
20210715,2021-07-15,15,7,July,3,2021
20210716,2021-07-16,16,7,July,3,2021
20210717,2021-07-17,17,7,July,3,2021
20210718,2021-07-18,18,7,July,3,2021
20210719,2021-07-19,19,7,July,3,2021
20210720,2021-07-20,20,7,July,3,2021
20210721,2021-07-21,21,7,July,3,2021
20210722,2021-07-22,22,7,July,3,2021
20210723,2021-07-23,23,7,July,3,2021
20210724,2021-07-24,24,7,July,3,2021
20210725,2021-07-25,25,7,July,3,2021
20210726,2021-07-26,26,7,July,3,2021
20210727,2021-07-27,27,7,July,3,2021
20210728,2021-07-28,28,7,July,3,2021
20210729,2021-07-29,29,7,July,3,2021
20210730,2021-07-30,30,7,July,3,2021
20210731,2021-07-31,31,7,July,3,2021
20210801,2021-08-01,1,8,August,3,2021
20210802,2021-08-02,2,8,August,3,2021
20210803,2021-08-03,3,8,August,3,2021
20210804,2021-08-04,4,8,August,3,2021
20210805,2021-08-05,5,8,August,3,2021
20210806,2021-08-06,6,8,August,3,2021
20210807,2021-08-07,7,8,August,3,2021
20210808,2021-08-08,8,8,August,3,2021
20210809,2021-08-09,9,8,August,3,2021
20210810,2021-08-10,10,8,August,3,2021
20210811,2021-08-11,11,8,August,3,2021
20210812,2021-08-12,12,8,August,3,2021
20210813,2021-08-13,13,8,August,3,2021
20210814,2021-08-14,14,8,August,3,2021
20210815,2021-08-15,15,8,August,3,2021
20210816,2021-08-16,16,8,August,3,2021
20210817,2021-08-17,17,8,August,3,2021
20210818,2021-08-18,18,8,August,3,2021
20210819,2021-08-19,19,8,August,3,2021
20210820,2021-08-20,20,8,August,3,2021
20210821,2021-08-21,21,8,August,3,2021
20210822,2021-08-22,22,8,August,3,2021
20210823,2021-08-23,23,8,August,3,2021
20210824,2021-08-24,24,8,August,3,2021
20210825,2021-08-25,25,8,August,3,2021
20210826,2021-08-26,26,8,August,3,2021
20210827,2021-08-27,27,8,August,3,2021
20210828,2021-08-28,28,8,August,3,2021
20210829,2021-08-29,29,8,August,3,2021
20210830,2021-08-30,30,8,August,3,2021
20210831,2021-08-31,31,8,August,3,2021
20210901,2021-09-01,1,9,September,3,2021
20210902,2021-09-02,2,9,September,3,2021
20210903,2021-09-03,3,9,September,3,2021
20210904,2021-09-04,4,9,September,3,2021
20210905,2021-09-05,5,9,September,3,2021
20210906,2021-09-06,6,9,September,3,2021
20210907,2021-09-07,7,9,September,3,2021
20210908,2021-09-08,8,9,September,3,2021
20210909,2021-09-09,9,9,September,3,2021
20210910,2021-09-10,10,9,September,3,2021
20210911,2021-09-11,11,9,September,3,2021
20210912,2021-09-12,12,9,September,3,2021
20210913,2021-09-13,13,9,September,3,2021
20210914,2021-09-14,14,9,September,3,2021
20210915,2021-09-15,15,9,September,3,2021
20210916,2021-09-16,16,9,September,3,2021
20210917,2021-09-17,17,9,September,3,2021
20210918,2021-09-18,18,9,September,3,2021
20210919,2021-09-19,19,9,September,3,2021
20210920,2021-09-20,20,9,September,3,2021
20210921,2021-09-21,21,9,September,3,2021
20210922,2021-09-22,22,9,September,3,2021
20210923,2021-09-23,23,9,September,3,2021
20210924,2021-09-24,24,9,September,3,2021
20210925,2021-09-25,25,9,September,3,2021
20210926,2021-09-26,26,9,September,3,2021
20210927,2021-09-27,27,9,September,3,2021
20210928,2021-09-28,28,9,September,3,2021
20210929,2021-09-29,29,9,September,3,2021
20210930,2021-09-30,30,9,September,3,2021
20211001,2021-10-01,1,10,October,4,2021
20211002,2021-10-02,2,10,October,4,2021
20211003,2021-10-03,3,10,October,4,2021
20211004,2021-10-04,4,10,October,4,2021
20211005,2021-10-05,5,10,October,4,2021
20211006,2021-10-06,6,10,October,4,2021
20211007,2021-10-07,7,10,October,4,2021
20211008,2021-10-08,8,10,October,4,2021
20211009,2021-10-09,9,10,October,4,2021
20211010,2021-10-10,10,10,October,4,2021
20211011,2021-10-11,11,10,October,4,2021
20211012,2021-10-12,12,10,October,4,2021
20211013,2021-10-13,13,10,October,4,2021
20211014,2021-10-14,14,10,October,4,2021
20211015,2021-10-15,15,10,October,4,2021
20211016,2021-10-16,16,10,October,4,2021
20211017,2021-10-17,17,10,October,4,2021
20211018,2021-10-18,18,10,October,4,2021
20211019,2021-10-19,19,10,October,4,2021
20211020,2021-10-20,20,10,October,4,2021
20211021,2021-10-21,21,10,October,4,2021
20211022,2021-10-22,22,10,October,4,2021
20211023,2021-10-23,23,10,October,4,2021
20211024,2021-10-24,24,10,October,4,2021
20211025,2021-10-25,25,10,October,4,2021
20211026,2021-10-26,26,10,October,4,2021
20211027,2021-10-27,27,10,October,4,2021
20211028,2021-10-28,28,10,October,4,2021
20211029,2021-10-29,29,10,October,4,2021
20211030,2021-10-30,30,10,October,4,2021
20211101,2021-11-01,1,11,November,4,2021
20211102,2021-11-02,2,11,November,4,2021
20211103,2021-11-03,3,11,November,4,2021
20211104,2021-11-04,4,11,November,4,2021
20211105,2021-11-05,5,11,November,4,2021
20211106,2021-11-06,6,11,November,4,2021
20211107,2021-11-07,7,11,November,4,2021
20211108,2021-11-08,8,11,November,4,2021
20211109,2021-11-09,9,11,November,4,2021
20211110,2021-11-10,10,11,November,4,2021
20211111,2021-11-11,11,11,November,4,2021
20211112,2021-11-12,12,11,November,4,2021
20211113,2021-11-13,13,11,November,4,2021
20211114,2021-11-14,14,11,November,4,2021
20211115,2021-11-15,15,11,November,4,2021
20211116,2021-11-16,16,11,November,4,2021
20211117,2021-11-17,17,11,November,4,2021
20211118,2021-11-18,18,11,November,4,2021
20211119,2021-11-19,19,11,November,4,2021
20211120,2021-11-20,20,11,November,4,2021
20211121,2021-11-21,21,11,November,4,2021
20211122,2021-11-22,22,11,November,4,2021
20211123,2021-11-23,23,11,November,4,2021
20211124,2021-11-24,24,11,November,4,2021
20211125,2021-11-25,25,11,November,4,2021
20211126,2021-11-26,26,11,November,4,2021
20211128,2021-11-28,28,11,November,4,2021
20211129,2021-11-29,29,11,November,4,2021
20211130,2021-11-30,30,11,November,4,2021
20211201,2021-12-01,1,12,December,4,2021
20211202,2021-12-02,2,12,December,4,2021
20211203,2021-12-03,3,12,December,4,2021
20211204,2021-12-04,4,12,December,4,2021
20211205,2021-12-05,5,12,December,4,2021
20211206,2021-12-06,6,12,December,4,2021
20211207,2021-12-07,7,12,December,4,2021
20211208,2021-12-08,8,12,December,4,2021
20211209,2021-12-09,9,12,December,4,2021
20211210,2021-12-10,10,12,December,4,2021
20211211,2021-12-11,11,12,December,4,2021
20211212,2021-12-12,12,12,December,4,2021
20211213,2021-12-13,13,12,December,4,2021
20211214,2021-12-14,14,12,December,4,2021
20211215,2021-12-15,15,12,December,4,2021
20211216,2021-12-16,16,12,December,4,2021
20211217,2021-12-17,17,12,December,4,2021
20211218,2021-12-18,18,12,December,4,2021
20211219,2021-12-19,19,12,December,4,2021
20211220,2021-12-20,20,12,December,4,2021
20211221,2021-12-21,21,12,December,4,2021
20211222,2021-12-22,22,12,December,4,2021
20211223,2021-12-23,23,12,December,4,2021
20211224,2021-12-24,24,12,December,4,2021
20211226,2021-12-26,26,12,December,4,2021
20211227,2021-12-27,27,12,December,4,2021
20211228,2021-12-28,28,12,December,4,2021
20211229,2021-12-29,29,12,December,4,2021
20211230,2021-12-30,30,12,December,4,2021
20211231,2021-12-31,31,12,December,4,2021
20220101,2022-01-01,1,1,January,1,2022
20220102,2022-01-02,2,1,January,1,2022
20220103,2022-01-03,3,1,January,1,2022
20220104,2022-01-04,4,1,January,1,2022
20220105,2022-01-05,5,1,January,1,2022
20220106,2022-01-06,6,1,January,1,2022
20220107,2022-01-07,7,1,January,1,2022
20220108,2022-01-08,8,1,January,1,2022
20220109,2022-01-09,9,1,January,1,2022
20220110,2022-01-10,10,1,January,1,2022
20220111,2022-01-11,11,1,January,1,2022
20220112,2022-01-12,12,1,January,1,2022
20220113,2022-01-13,13,1,January,1,2022
20220114,2022-01-14,14,1,January,1,2022
20220115,2022-01-15,15,1,January,1,2022
20220116,2022-01-16,16,1,January,1,2022
20220117,2022-01-17,17,1,January,1,2022
20220118,2022-01-18,18,1,January,1,2022
20220119,2022-01-19,19,1,January,1,2022
20220120,2022-01-20,20,1,January,1,2022
20220121,2022-01-21,21,1,January,1,2022
20220122,2022-01-22,22,1,January,1,2022
20220123,2022-01-23,23,1,January,1,2022
20220124,2022-01-24,24,1,January,1,2022
20220125,2022-01-25,25,1,January,1,2022
20220126,2022-01-26,26,1,January,1,2022
20220127,2022-01-27,27,1,January,1,2022
20220128,2022-01-28,28,1,January,1,2022
20220129,2022-01-29,29,1,January,1,2022
20220130,2022-01-30,30,1,January,1,2022
20220131,2022-01-31,31,1,January,1,2022
20220201,2022-02-01,1,2,February,1,2022
20220202,2022-02-02,2,2,February,1,2022
20220203,2022-02-03,3,2,February,1,2022
20220204,2022-02-04,4,2,February,1,2022
20220205,2022-02-05,5,2,February,1,2022
20220206,2022-02-06,6,2,February,1,2022
20220207,2022-02-07,7,2,February,1,2022
20220208,2022-02-08,8,2,February,1,2022
20220209,2022-02-09,9,2,February,1,2022
20220210,2022-02-10,10,2,February,1,2022
20220211,2022-02-11,11,2,February,1,2022
20220212,2022-02-12,12,2,February,1,2022
20220213,2022-02-13,13,2,February,1,2022
20220214,2022-02-14,14,2,February,1,2022
20220215,2022-02-15,15,2,February,1,2022
20220216,2022-02-16,16,2,February,1,2022
20220217,2022-02-17,17,2,February,1,2022
20220218,2022-02-18,18,2,February,1,2022
20220219,2022-02-19,19,2,February,1,2022
20220220,2022-02-20,20,2,February,1,2022
20220221,2022-02-21,21,2,February,1,2022
20220222,2022-02-22,22,2,February,1,2022
20220223,2022-02-23,23,2,February,1,2022
20220224,2022-02-24,24,2,February,1,2022
20220225,2022-02-25,25,2,February,1,2022
20220226,2022-02-26,26,2,February,1,2022
20220227,2022-02-27,27,2,February,1,2022
20220228,2022-02-28,28,2,February,1,2022
20220301,2022-03-01,1,3,March,1,2022
20220302,2022-03-02,2,3,March,1,2022
20220303,2022-03-03,3,3,March,1,2022
20220304,2022-03-04,4,3,March,1,2022
20220305,2022-03-05,5,3,March,1,2022
20220306,2022-03-06,6,3,March,1,2022
20220307,2022-03-07,7,3,March,1,2022
20220308,2022-03-08,8,3,March,1,2022
20220309,2022-03-09,9,3,March,1,2022
20220310,2022-03-10,10,3,March,1,2022
20220311,2022-03-11,11,3,March,1,2022
20220312,2022-03-12,12,3,March,1,2022
20220313,2022-03-13,13,3,March,1,2022
20220314,2022-03-14,14,3,March,1,2022
20220315,2022-03-15,15,3,March,1,2022
20220316,2022-03-16,16,3,March,1,2022
20220317,2022-03-17,17,3,March,1,2022
20220318,2022-03-18,18,3,March,1,2022
20220319,2022-03-19,19,3,March,1,2022
20220320,2022-03-20,20,3,March,1,2022
20220321,2022-03-21,21,3,March,1,2022
20220322,2022-03-22,22,3,March,1,2022
20220323,2022-03-23,23,3,March,1,2022
20220324,2022-03-24,24,3,March,1,2022
20220325,2022-03-25,25,3,March,1,2022
20220326,2022-03-26,26,3,March,1,2022
20220327,2022-03-27,27,3,March,1,2022
20220328,2022-03-28,28,3,March,1,2022
20220329,2022-03-29,29,3,March,1,2022
20220330,2022-03-30,30,3,March,1,2022
20220331,2022-03-31,31,3,March,1,2022
20220401,2022-04-01,1,4,April,2,2022
20220402,2022-04-02,2,4,April,2,2022
20220403,2022-04-03,3,4,April,2,2022
20220404,2022-04-04,4,4,April,2,2022
20220405,2022-04-05,5,4,April,2,2022
20220406,2022-04-06,6,4,April,2,2022
20220407,2022-04-07,7,4,April,2,2022
20220408,2022-04-08,8,4,April,2,2022
20220409,2022-04-09,9,4,April,2,2022
20220410,2022-04-10,10,4,April,2,2022
20220411,2022-04-11,11,4,April,2,2022
20220412,2022-04-12,12,4,April,2,2022
20220413,2022-04-13,13,4,April,2,2022
20220414,2022-04-14,14,4,April,2,2022
20220415,2022-04-15,15,4,April,2,2022
20220416,2022-04-16,16,4,April,2,2022
20220417,2022-04-17,17,4,April,2,2022
20220418,2022-04-18,18,4,April,2,2022
20220419,2022-04-19,19,4,April,2,2022
20220420,2022-04-20,20,4,April,2,2022
20220421,2022-04-21,21,4,April,2,2022
20220422,2022-04-22,22,4,April,2,2022
20220423,2022-04-23,23,4,April,2,2022
20220424,2022-04-24,24,4,April,2,2022
20220425,2022-04-25,25,4,April,2,2022
20220426,2022-04-26,26,4,April,2,2022
20220427,2022-04-27,27,4,April,2,2022
20220428,2022-04-28,28,4,April,2,2022
20220429,2022-04-29,29,4,April,2,2022
20220430,2022-04-30,30,4,April,2,2022
20220501,2022-05-01,1,5,May,2,2022
20220502,2022-05-02,2,5,May,2,2022
20220503,2022-05-03,3,5,May,2,2022
20220504,2022-05-04,4,5,May,2,2022
20220505,2022-05-05,5,5,May,2,2022
20220506,2022-05-06,6,5,May,2,2022
20220507,2022-05-07,7,5,May,2,2022
20220508,2022-05-08,8,5,May,2,2022
20220509,2022-05-09,9,5,May,2,2022
20220510,2022-05-10,10,5,May,2,2022
20220511,2022-05-11,11,5,May,2,2022
20220512,2022-05-12,12,5,May,2,2022
20220513,2022-05-13,13,5,May,2,2022
20220514,2022-05-14,14,5,May,2,2022
20220515,2022-05-15,15,5,May,2,2022
20220516,2022-05-16,16,5,May,2,2022
20220517,2022-05-17,17,5,May,2,2022
20220518,2022-05-18,18,5,May,2,2022
20220519,2022-05-19,19,5,May,2,2022
20220520,2022-05-20,20,5,May,2,2022
20220521,2022-05-21,21,5,May,2,2022
20220522,2022-05-22,22,5,May,2,2022
20220523,2022-05-23,23,5,May,2,2022
20220524,2022-05-24,24,5,May,2,2022
20220525,2022-05-25,25,5,May,2,2022
20220526,2022-05-26,26,5,May,2,2022
20220527,2022-05-27,27,5,May,2,2022
20220528,2022-05-28,28,5,May,2,2022
20220529,2022-05-29,29,5,May,2,2022
20220530,2022-05-30,30,5,May,2,2022
20220531,2022-05-31,31,5,May,2,2022
20220601,2022-06-01,1,6,June,2,2022
20220602,2022-06-02,2,6,June,2,2022
20220603,2022-06-03,3,6,June,2,2022
20220604,2022-06-04,4,6,June,2,2022
20220605,2022-06-05,5,6,June,2,2022
20220606,2022-06-06,6,6,June,2,2022
20220607,2022-06-07,7,6,June,2,2022
20220608,2022-06-08,8,6,June,2,2022
20220609,2022-06-09,9,6,June,2,2022
20220610,2022-06-10,10,6,June,2,2022
20220611,2022-06-11,11,6,June,2,2022
20220612,2022-06-12,12,6,June,2,2022
20220613,2022-06-13,13,6,June,2,2022
20220614,2022-06-14,14,6,June,2,2022
20220615,2022-06-15,15,6,June,2,2022
20220616,2022-06-16,16,6,June,2,2022
20220617,2022-06-17,17,6,June,2,2022
20220618,2022-06-18,18,6,June,2,2022
20220619,2022-06-19,19,6,June,2,2022
20220620,2022-06-20,20,6,June,2,2022
20220621,2022-06-21,21,6,June,2,2022
20220622,2022-06-22,22,6,June,2,2022
20220623,2022-06-23,23,6,June,2,2022
20220624,2022-06-24,24,6,June,2,2022
20220625,2022-06-25,25,6,June,2,2022
20220626,2022-06-26,26,6,June,2,2022
20220627,2022-06-27,27,6,June,2,2022
20220628,2022-06-28,28,6,June,2,2022
20220629,2022-06-29,29,6,June,2,2022
20220630,2022-06-30,30,6,June,2,2022
20220701,2022-07-01,1,7,July,3,2022
20220702,2022-07-02,2,7,July,3,2022
20220703,2022-07-03,3,7,July,3,2022
20220704,2022-07-04,4,7,July,3,2022
20220705,2022-07-05,5,7,July,3,2022
20220706,2022-07-06,6,7,July,3,2022
20220707,2022-07-07,7,7,July,3,2022
20220708,2022-07-08,8,7,July,3,2022
20220709,2022-07-09,9,7,July,3,2022
20220710,2022-07-10,10,7,July,3,2022
20220711,2022-07-11,11,7,July,3,2022
20220712,2022-07-12,12,7,July,3,2022
20220713,2022-07-13,13,7,July,3,2022
20220714,2022-07-14,14,7,July,3,2022
20220715,2022-07-15,15,7,July,3,2022
20220716,2022-07-16,16,7,July,3,2022
20220717,2022-07-17,17,7,July,3,2022
20220718,2022-07-18,18,7,July,3,2022
20220719,2022-07-19,19,7,July,3,2022
20220720,2022-07-20,20,7,July,3,2022
20220721,2022-07-21,21,7,July,3,2022
20220722,2022-07-22,22,7,July,3,2022
20220723,2022-07-23,23,7,July,3,2022
20220724,2022-07-24,24,7,July,3,2022
20220725,2022-07-25,25,7,July,3,2022
20220726,2022-07-26,26,7,July,3,2022
20220727,2022-07-27,27,7,July,3,2022
20220728,2022-07-28,28,7,July,3,2022
20220729,2022-07-29,29,7,July,3,2022
20220730,2022-07-30,30,7,July,3,2022
20220731,2022-07-31,31,7,July,3,2022
20220801,2022-08-01,1,8,August,3,2022
20220802,2022-08-02,2,8,August,3,2022
20220803,2022-08-03,3,8,August,3,2022
20220804,2022-08-04,4,8,August,3,2022
20220805,2022-08-05,5,8,August,3,2022
20220807,2022-08-07,7,8,August,3,2022
20220808,2022-08-08,8,8,August,3,2022
20220809,2022-08-09,9,8,August,3,2022
20220810,2022-08-10,10,8,August,3,2022
20220811,2022-08-11,11,8,August,3,2022
20220812,2022-08-12,12,8,August,3,2022
20220814,2022-08-14,14,8,August,3,2022
20220815,2022-08-15,15,8,August,3,2022
20220816,2022-08-16,16,8,August,3,2022
20220817,2022-08-17,17,8,August,3,2022
20220818,2022-08-18,18,8,August,3,2022
20220819,2022-08-19,19,8,August,3,2022
20220820,2022-08-20,20,8,August,3,2022
20220821,2022-08-21,21,8,August,3,2022
20220822,2022-08-22,22,8,August,3,2022
20220823,2022-08-23,23,8,August,3,2022
20220824,2022-08-24,24,8,August,3,2022
20220825,2022-08-25,25,8,August,3,2022
20220826,2022-08-26,26,8,August,3,2022
20220827,2022-08-27,27,8,August,3,2022
20220828,2022-08-28,28,8,August,3,2022
20220829,2022-08-29,29,8,August,3,2022
20220830,2022-08-30,30,8,August,3,2022
20220831,2022-08-31,31,8,August,3,2022
20220901,2022-09-01,1,9,September,3,2022
20220902,2022-09-02,2,9,September,3,2022
20220903,2022-09-03,3,9,September,3,2022
20220904,2022-09-04,4,9,September,3,2022
20220905,2022-09-05,5,9,September,3,2022
20220906,2022-09-06,6,9,September,3,2022
20220907,2022-09-07,7,9,September,3,2022
20220908,2022-09-08,8,9,September,3,2022
20220909,2022-09-09,9,9,September,3,2022
20220910,2022-09-10,10,9,September,3,2022
20220911,2022-09-11,11,9,September,3,2022
20220912,2022-09-12,12,9,September,3,2022
20220913,2022-09-13,13,9,September,3,2022
20220914,2022-09-14,14,9,September,3,2022
20220915,2022-09-15,15,9,September,3,2022
20220916,2022-09-16,16,9,September,3,2022
20220918,2022-09-18,18,9,September,3,2022
20220919,2022-09-19,19,9,September,3,2022
20220920,2022-09-20,20,9,September,3,2022
20220921,2022-09-21,21,9,September,3,2022
20220922,2022-09-22,22,9,September,3,2022
20220923,2022-09-23,23,9,September,3,2022
20220924,2022-09-24,24,9,September,3,2022
20220925,2022-09-25,25,9,September,3,2022
20220926,2022-09-26,26,9,September,3,2022
20220927,2022-09-27,27,9,September,3,2022
20220928,2022-09-28,28,9,September,3,2022
20220929,2022-09-29,29,9,September,3,2022
20220930,2022-09-30,30,9,September,3,2022
20221001,2022-10-01,1,10,October,4,2022
20221002,2022-10-02,2,10,October,4,2022
20221003,2022-10-03,3,10,October,4,2022
20221004,2022-10-04,4,10,October,4,2022
20221005,2022-10-05,5,10,October,4,2022
20221006,2022-10-06,6,10,October,4,2022
20221007,2022-10-07,7,10,October,4,2022
20221008,2022-10-08,8,10,October,4,2022
20221009,2022-10-09,9,10,October,4,2022
20221010,2022-10-10,10,10,October,4,2022
20221011,2022-10-11,11,10,October,4,2022
20221012,2022-10-12,12,10,October,4,2022
20221013,2022-10-13,13,10,October,4,2022
20221014,2022-10-14,14,10,October,4,2022
20221015,2022-10-15,15,10,October,4,2022
20221016,2022-10-16,16,10,October,4,2022
20221017,2022-10-17,17,10,October,4,2022
20221018,2022-10-18,18,10,October,4,2022
20221019,2022-10-19,19,10,October,4,2022
20221020,2022-10-20,20,10,October,4,2022
20221021,2022-10-21,21,10,October,4,2022
20221022,2022-10-22,22,10,October,4,2022
20221023,2022-10-23,23,10,October,4,2022
20221024,2022-10-24,24,10,October,4,2022
20221025,2022-10-25,25,10,October,4,2022
20221026,2022-10-26,26,10,October,4,2022
20221027,2022-10-27,27,10,October,4,2022
20221028,2022-10-28,28,10,October,4,2022
20221029,2022-10-29,29,10,October,4,2022
20221030,2022-10-30,30,10,October,4,2022
20221031,2022-10-31,31,10,October,4,2022
20221101,2022-11-01,1,11,November,4,2022
20221102,2022-11-02,2,11,November,4,2022
20221103,2022-11-03,3,11,November,4,2022
20221104,2022-11-04,4,11,November,4,2022
20221105,2022-11-05,5,11,November,4,2022
20221106,2022-11-06,6,11,November,4,2022
20221107,2022-11-07,7,11,November,4,2022
20221108,2022-11-08,8,11,November,4,2022
20221109,2022-11-09,9,11,November,4,2022
20221110,2022-11-10,10,11,November,4,2022
20221111,2022-11-11,11,11,November,4,2022
20221112,2022-11-12,12,11,November,4,2022
20221113,2022-11-13,13,11,November,4,2022
20221114,2022-11-14,14,11,November,4,2022
20221115,2022-11-15,15,11,November,4,2022
20221116,2022-11-16,16,11,November,4,2022
20221117,2022-11-17,17,11,November,4,2022
20221118,2022-11-18,18,11,November,4,2022
20221119,2022-11-19,19,11,November,4,2022
20221120,2022-11-20,20,11,November,4,2022
20221121,2022-11-21,21,11,November,4,2022
20221122,2022-11-22,22,11,November,4,2022
20221123,2022-11-23,23,11,November,4,2022
20221124,2022-11-24,24,11,November,4,2022
20221125,2022-11-25,25,11,November,4,2022
20221126,2022-11-26,26,11,November,4,2022
20221127,2022-11-27,27,11,November,4,2022
20221128,2022-11-28,28,11,November,4,2022
20221129,2022-11-29,29,11,November,4,2022
20221130,2022-11-30,30,11,November,4,2022
20221201,2022-12-01,1,12,December,4,2022
20221202,2022-12-02,2,12,December,4,2022
20221203,2022-12-03,3,12,December,4,2022
20221204,2022-12-04,4,12,December,4,2022
20221205,2022-12-05,5,12,December,4,2022
20221206,2022-12-06,6,12,December,4,2022
20221207,2022-12-07,7,12,December,4,2022
20221208,2022-12-08,8,12,December,4,2022
20221209,2022-12-09,9,12,December,4,2022
20221210,2022-12-10,10,12,December,4,2022
20221211,2022-12-11,11,12,December,4,2022
20221212,2022-12-12,12,12,December,4,2022
20221213,2022-12-13,13,12,December,4,2022
20221214,2022-12-14,14,12,December,4,2022
20221215,2022-12-15,15,12,December,4,2022
20221216,2022-12-16,16,12,December,4,2022
20221217,2022-12-17,17,12,December,4,2022
20221218,2022-12-18,18,12,December,4,2022
20221219,2022-12-19,19,12,December,4,2022
20221220,2022-12-20,20,12,December,4,2022
20221221,2022-12-21,21,12,December,4,2022
20221222,2022-12-22,22,12,December,4,2022
20221223,2022-12-23,23,12,December,4,2022
20221224,2022-12-24,24,12,December,4,2022
20221225,2022-12-25,25,12,December,4,2022
20221226,2022-12-26,26,12,December,4,2022
20221227,2022-12-27,27,12,December,4,2022
20221228,2022-12-28,28,12,December,4,2022
20221229,2022-12-29,29,12,December,4,2022
20221230,2022-12-30,30,12,December,4,2022
20221231,2022-12-31,31,12,December,4,2022
20230101,2023-01-01,1,1,January,1,2023
20230102,2023-01-02,2,1,January,1,2023
20230103,2023-01-03,3,1,January,1,2023
20230104,2023-01-04,4,1,January,1,2023
20230105,2023-01-05,5,1,January,1,2023
20230106,2023-01-06,6,1,January,1,2023
20230107,2023-01-07,7,1,January,1,2023
20230108,2023-01-08,8,1,January,1,2023
20230109,2023-01-09,9,1,January,1,2023
20230110,2023-01-10,10,1,January,1,2023
20230111,2023-01-11,11,1,January,1,2023
20230112,2023-01-12,12,1,January,1,2023
20230113,2023-01-13,13,1,January,1,2023
20230114,2023-01-14,14,1,January,1,2023
20230115,2023-01-15,15,1,January,1,2023
20230116,2023-01-16,16,1,January,1,2023
20230117,2023-01-17,17,1,January,1,2023
20230118,2023-01-18,18,1,January,1,2023
20230119,2023-01-19,19,1,January,1,2023
20230120,2023-01-20,20,1,January,1,2023
20230121,2023-01-21,21,1,January,1,2023
20230122,2023-01-22,22,1,January,1,2023
20230123,2023-01-23,23,1,January,1,2023
20230124,2023-01-24,24,1,January,1,2023
20230125,2023-01-25,25,1,January,1,2023
20230126,2023-01-26,26,1,January,1,2023
20230127,2023-01-27,27,1,January,1,2023
20230128,2023-01-28,28,1,January,1,2023
20230129,2023-01-29,29,1,January,1,2023
20230130,2023-01-30,30,1,January,1,2023
20230131,2023-01-31,31,1,January,1,2023
20230201,2023-02-01,1,2,February,1,2023
20230202,2023-02-02,2,2,February,1,2023
20230203,2023-02-03,3,2,February,1,2023
20230204,2023-02-04,4,2,February,1,2023
20230205,2023-02-05,5,2,February,1,2023
20230206,2023-02-06,6,2,February,1,2023
20230207,2023-02-07,7,2,February,1,2023
20230208,2023-02-08,8,2,February,1,2023
20230209,2023-02-09,9,2,February,1,2023
20230210,2023-02-10,10,2,February,1,2023
20230211,2023-02-11,11,2,February,1,2023
20230212,2023-02-12,12,2,February,1,2023
20230213,2023-02-13,13,2,February,1,2023
20230214,2023-02-14,14,2,February,1,2023
20230215,2023-02-15,15,2,February,1,2023
20230216,2023-02-16,16,2,February,1,2023
20230217,2023-02-17,17,2,February,1,2023
20230218,2023-02-18,18,2,February,1,2023
20230219,2023-02-19,19,2,February,1,2023
20230220,2023-02-20,20,2,February,1,2023
20230221,2023-02-21,21,2,February,1,2023
20230222,2023-02-22,22,2,February,1,2023
20230223,2023-02-23,23,2,February,1,2023
20230224,2023-02-24,24,2,February,1,2023
20230225,2023-02-25,25,2,February,1,2023
20230226,2023-02-26,26,2,February,1,2023
20230227,2023-02-27,27,2,February,1,2023
20230228,2023-02-28,28,2,February,1,2023
20230301,2023-03-01,1,3,March,1,2023
20230302,2023-03-02,2,3,March,1,2023
20230303,2023-03-03,3,3,March,1,2023
20230304,2023-03-04,4,3,March,1,2023
20230305,2023-03-05,5,3,March,1,2023
20230306,2023-03-06,6,3,March,1,2023
20230307,2023-03-07,7,3,March,1,2023
20230308,2023-03-08,8,3,March,1,2023
20230309,2023-03-09,9,3,March,1,2023
20230310,2023-03-10,10,3,March,1,2023
20230311,2023-03-11,11,3,March,1,2023
20230312,2023-03-12,12,3,March,1,2023
20230313,2023-03-13,13,3,March,1,2023
20230314,2023-03-14,14,3,March,1,2023
20230315,2023-03-15,15,3,March,1,2023
20230316,2023-03-16,16,3,March,1,2023
20230317,2023-03-17,17,3,March,1,2023
20230319,2023-03-19,19,3,March,1,2023
20230320,2023-03-20,20,3,March,1,2023
20230321,2023-03-21,21,3,March,1,2023
20230322,2023-03-22,22,3,March,1,2023
20230323,2023-03-23,23,3,March,1,2023
20230324,2023-03-24,24,3,March,1,2023
20230325,2023-03-25,25,3,March,1,2023
20230326,2023-03-26,26,3,March,1,2023
20230327,2023-03-27,27,3,March,1,2023
20230328,2023-03-28,28,3,March,1,2023
20230329,2023-03-29,29,3,March,1,2023
20230330,2023-03-30,30,3,March,1,2023
20230331,2023-03-31,31,3,March,1,2023
20230401,2023-04-01,1,4,April,2,2023
20230402,2023-04-02,2,4,April,2,2023
20230403,2023-04-03,3,4,April,2,2023
20230404,2023-04-04,4,4,April,2,2023
20230405,2023-04-05,5,4,April,2,2023
20230406,2023-04-06,6,4,April,2,2023
20230407,2023-04-07,7,4,April,2,2023
20230408,2023-04-08,8,4,April,2,2023
20230409,2023-04-09,9,4,April,2,2023
20230410,2023-04-10,10,4,April,2,2023
20230411,2023-04-11,11,4,April,2,2023
20230412,2023-04-12,12,4,April,2,2023
20230413,2023-04-13,13,4,April,2,2023
20230414,2023-04-14,14,4,April,2,2023
20230415,2023-04-15,15,4,April,2,2023
20230417,2023-04-17,17,4,April,2,2023
20230418,2023-04-18,18,4,April,2,2023
20230419,2023-04-19,19,4,April,2,2023
20230420,2023-04-20,20,4,April,2,2023
20230421,2023-04-21,21,4,April,2,2023
20230422,2023-04-22,22,4,April,2,2023
20230423,2023-04-23,23,4,April,2,2023
20230424,2023-04-24,24,4,April,2,2023
20230425,2023-04-25,25,4,April,2,2023
20230426,2023-04-26,26,4,April,2,2023
20230427,2023-04-27,27,4,April,2,2023
20230428,2023-04-28,28,4,April,2,2023
20230429,2023-04-29,29,4,April,2,2023
20230430,2023-04-30,30,4,April,2,2023
20230501,2023-05-01,1,5,May,2,2023
20230502,2023-05-02,2,5,May,2,2023
20230503,2023-05-03,3,5,May,2,2023
20230504,2023-05-04,4,5,May,2,2023
20230505,2023-05-05,5,5,May,2,2023
20230506,2023-05-06,6,5,May,2,2023
20230507,2023-05-07,7,5,May,2,2023
20230508,2023-05-08,8,5,May,2,2023
20230509,2023-05-09,9,5,May,2,2023
20230510,2023-05-10,10,5,May,2,2023
20230511,2023-05-11,11,5,May,2,2023
20230512,2023-05-12,12,5,May,2,2023
20230514,2023-05-14,14,5,May,2,2023
20230515,2023-05-15,15,5,May,2,2023
20230516,2023-05-16,16,5,May,2,2023
20230517,2023-05-17,17,5,May,2,2023
20230518,2023-05-18,18,5,May,2,2023
20230519,2023-05-19,19,5,May,2,2023
20230520,2023-05-20,20,5,May,2,2023
20230521,2023-05-21,21,5,May,2,2023
20230522,2023-05-22,22,5,May,2,2023
20230523,2023-05-23,23,5,May,2,2023
20230524,2023-05-24,24,5,May,2,2023
20230525,2023-05-25,25,5,May,2,2023
20230526,2023-05-26,26,5,May,2,2023
20230527,2023-05-27,27,5,May,2,2023
20230528,2023-05-28,28,5,May,2,2023
20230529,2023-05-29,29,5,May,2,2023
20230530,2023-05-30,30,5,May,2,2023
20230531,2023-05-31,31,5,May,2,2023
20230601,2023-06-01,1,6,June,2,2023
20230602,2023-06-02,2,6,June,2,2023
20230604,2023-06-04,4,6,June,2,2023
20230605,2023-06-05,5,6,June,2,2023
20230606,2023-06-06,6,6,June,2,2023
20230607,2023-06-07,7,6,June,2,2023
20230608,2023-06-08,8,6,June,2,2023
20230609,2023-06-09,9,6,June,2,2023
20230610,2023-06-10,10,6,June,2,2023
20230611,2023-06-11,11,6,June,2,2023
20230612,2023-06-12,12,6,June,2,2023
20230613,2023-06-13,13,6,June,2,2023
20230614,2023-06-14,14,6,June,2,2023
20230615,2023-06-15,15,6,June,2,2023
20230616,2023-06-16,16,6,June,2,2023
20230617,2023-06-17,17,6,June,2,2023
20230618,2023-06-18,18,6,June,2,2023
20230619,2023-06-19,19,6,June,2,2023
20230620,2023-06-20,20,6,June,2,2023
20230621,2023-06-21,21,6,June,2,2023
20230622,2023-06-22,22,6,June,2,2023
20230623,2023-06-23,23,6,June,2,2023
20230624,2023-06-24,24,6,June,2,2023
20230625,2023-06-25,25,6,June,2,2023
20230626,2023-06-26,26,6,June,2,2023
20230627,2023-06-27,27,6,June,2,2023
20230628,2023-06-28,28,6,June,2,2023
20230629,2023-06-29,29,6,June,2,2023
20230630,2023-06-30,30,6,June,2,2023
20230702,2023-07-02,2,7,July,3,2023
20230705,2023-07-05,5,7,July,3,2023
20230706,2023-07-06,6,7,July,3,2023
20230707,2023-07-07,7,7,July,3,2023
20230711,2023-07-11,11,7,July,3,2023
20230712,2023-07-12,12,7,July,3,2023
20230713,2023-07-13,13,7,July,3,2023
20230714,2023-07-14,14,7,July,3,2023
20230715,2023-07-15,15,7,July,3,2023
20230717,2023-07-17,17,7,July,3,2023
20230718,2023-07-18,18,7,July,3,2023
20230719,2023-07-19,19,7,July,3,2023
20230720,2023-07-20,20,7,July,3,2023
20230721,2023-07-21,21,7,July,3,2023
20230722,2023-07-22,22,7,July,3,2023
20230724,2023-07-24,24,7,July,3,2023
20230725,2023-07-25,25,7,July,3,2023
20230726,2023-07-26,26,7,July,3,2023
20230727,2023-07-27,27,7,July,3,2023
20230728,2023-07-28,28,7,July,3,2023
20230731,2023-07-31,31,7,July,3,2023
20230801,2023-08-01,1,8,August,3,2023
20230802,2023-08-02,2,8,August,3,2023
20230803,2023-08-03,3,8,August,3,2023
20230807,2023-08-07,7,8,August,3,2023
20230808,2023-08-08,8,8,August,3,2023
20230809,2023-08-09,9,8,August,3,2023
20230810,2023-08-10,10,8,August,3,2023
20230811,2023-08-11,11,8,August,3,2023
20230813,2023-08-13,13,8,August,3,2023
20230814,2023-08-14,14,8,August,3,2023
20230815,2023-08-15,15,8,August,3,2023
20230816,2023-08-16,16,8,August,3,2023
20230817,2023-08-17,17,8,August,3,2023
20230818,2023-08-18,18,8,August,3,2023
20230820,2023-08-20,20,8,August,3,2023
20230821,2023-08-21,21,8,August,3,2023
20230822,2023-08-22,22,8,August,3,2023
20230823,2023-08-23,23,8,August,3,2023
20230824,2023-08-24,24,8,August,3,2023
20230825,2023-08-25,25,8,August,3,2023
20230828,2023-08-28,28,8,August,3,2023
20230829,2023-08-29,29,8,August,3,2023
20230831,2023-08-31,31,8,August,3,2023
20230901,2023-09-01,1,9,September,3,2023
20230904,2023-09-04,4,9,September,3,2023
20230905,2023-09-05,5,9,September,3,2023
20230906,2023-09-06,6,9,September,3,2023
20230907,2023-09-07,7,9,September,3,2023
20230908,2023-09-08,8,9,September,3,2023
20230911,2023-09-11,11,9,September,3,2023
20230912,2023-09-12,12,9,September,3,2023
20230913,2023-09-13,13,9,September,3,2023
20230914,2023-09-14,14,9,September,3,2023
20230915,2023-09-15,15,9,September,3,2023
20230916,2023-09-16,16,9,September,3,2023
20230917,2023-09-17,17,9,September,3,2023
20230918,2023-09-18,18,9,September,3,2023
20230919,2023-09-19,19,9,September,3,2023
20230920,2023-09-20,20,9,September,3,2023
20230921,2023-09-21,21,9,September,3,2023
20230922,2023-09-22,22,9,September,3,2023
20230925,2023-09-25,25,9,September,3,2023
20230926,2023-09-26,26,9,September,3,2023
20230927,2023-09-27,27,9,September,3,2023
20230928,2023-09-28,28,9,September,3,2023
20230929,2023-09-29,29,9,September,3,2023
20230930,2023-09-30,30,9,September,3,2023
20231001,2023-10-01,1,10,October,4,2023
20231002,2023-10-02,2,10,October,4,2023
20231003,2023-10-03,3,10,October,4,2023
20231004,2023-10-04,4,10,October,4,2023
20231005,2023-10-05,5,10,October,4,2023
20231006,2023-10-06,6,10,October,4,2023
20231009,2023-10-09,9,10,October,4,2023
20231010,2023-10-10,10,10,October,4,2023
20231011,2023-10-11,11,10,October,4,2023
20231012,2023-10-12,12,10,October,4,2023
20231013,2023-10-13,13,10,October,4,2023
20231015,2023-10-15,15,10,October,4,2023
20231016,2023-10-16,16,10,October,4,2023
20231017,2023-10-17,17,10,October,4,2023
20231018,2023-10-18,18,10,October,4,2023
20231019,2023-10-19,19,10,October,4,2023
20231020,2023-10-20,20,10,October,4,2023
20231021,2023-10-21,21,10,October,4,2023
20231023,2023-10-23,23,10,October,4,2023
20231024,2023-10-24,24,10,October,4,2023
20231025,2023-10-25,25,10,October,4,2023
20231026,2023-10-26,26,10,October,4,2023
20231027,2023-10-27,27,10,October,4,2023
20231029,2023-10-29,29,10,October,4,2023
20231030,2023-10-30,30,10,October,4,2023
20231031,2023-10-31,31,10,October,4,2023
20231101,2023-11-01,1,11,November,4,2023
20231102,2023-11-02,2,11,November,4,2023
20231103,2023-11-03,3,11,November,4,2023
20231105,2023-11-05,5,11,November,4,2023
20231106,2023-11-06,6,11,November,4,2023
20231107,2023-11-07,7,11,November,4,2023
20231108,2023-11-08,8,11,November,4,2023
20231109,2023-11-09,9,11,November,4,2023
20231111,2023-11-11,11,11,November,4,2023
20231112,2023-11-12,12,11,November,4,2023
20231113,2023-11-13,13,11,November,4,2023
20231114,2023-11-14,14,11,November,4,2023
20231115,2023-11-15,15,11,November,4,2023
20231116,2023-11-16,16,11,November,4,2023
20231121,2023-11-21,21,11,November,4,2023
20231122,2023-11-22,22,11,November,4,2023
20231124,2023-11-24,24,11,November,4,2023
20231126,2023-11-26,26,11,November,4,2023
20231128,2023-11-28,28,11,November,4,2023
20231129,2023-11-29,29,11,November,4,2023
20231130,2023-11-30,30,11,November,4,2023
20231202,2023-12-02,2,12,December,4,2023
20231203,2023-12-03,3,12,December,4,2023
20231205,2023-12-05,5,12,December,4,2023
20231206,2023-12-06,6,12,December,4,2023
20231207,2023-12-07,7,12,December,4,2023
20231208,2023-12-08,8,12,December,4,2023
20231209,2023-12-09,9,12,December,4,2023
20231211,2023-12-11,11,12,December,4,2023
20231212,2023-12-12,12,12,December,4,2023
20231213,2023-12-13,13,12,December,4,2023
20231214,2023-12-14,14,12,December,4,2023
20231215,2023-12-15,15,12,December,4,2023
20231217,2023-12-17,17,12,December,4,2023
20231218,2023-12-18,18,12,December,4,2023
20231219,2023-12-19,19,12,December,4,2023
20231220,2023-12-20,20,12,December,4,2023
20231221,2023-12-21,21,12,December,4,2023
20231222,2023-12-22,22,12,December,4,2023
20231223,2023-12-23,23,12,December,4,2023
20231225,2023-12-25,25,12,December,4,2023
20231226,2023-12-26,26,12,December,4,2023
20231227,2023-12-27,27,12,December,4,2023
20231231,2023-12-31,31,12,December,4,2023
20240104,2024-01-04,4,1,January,1,2024
20240106,2024-01-06,6,1,January,1,2024
20240108,2024-01-08,8,1,January,1,2024
20240110,2024-01-10,10,1,January,1,2024
20240112,2024-01-12,12,1,January,1,2024
20240113,2024-01-13,13,1,January,1,2024
20240114,2024-01-14,14,1,January,1,2024
20240115,2024-01-15,15,1,January,1,2024
20240117,2024-01-17,17,1,January,1,2024
20240118,2024-01-18,18,1,January,1,2024
20240119,2024-01-19,19,1,January,1,2024
20240120,2024-01-20,20,1,January,1,2024
20240121,2024-01-21,21,1,January,1,2024
20240122,2024-01-22,22,1,January,1,2024
20240123,2024-01-23,23,1,January,1,2024
20240124,2024-01-24,24,1,January,1,2024
20240125,2024-01-25,25,1,January,1,2024
20240126,2024-01-26,26,1,January,1,2024
20240130,2024-01-30,30,1,January,1,2024
20240201,2024-02-01,1,2,February,1,2024
20240202,2024-02-02,2,2,February,1,2024
20240203,2024-02-03,3,2,February,1,2024
20240206,2024-02-06,6,2,February,1,2024
20240208,2024-02-08,8,2,February,1,2024
20240212,2024-02-12,12,2,February,1,2024
20240214,2024-02-14,14,2,February,1,2024
20240215,2024-02-15,15,2,February,1,2024
20240219,2024-02-19,19,2,February,1,2024
20240220,2024-02-20,20,2,February,1,2024
20240221,2024-02-21,21,2,February,1,2024
20240222,2024-02-22,22,2,February,1,2024
20240223,2024-02-23,23,2,February,1,2024
20240226,2024-02-26,26,2,February,1,2024
20240227,2024-02-27,27,2,February,1,2024
20240228,2024-02-28,28,2,February,1,2024
20240229,2024-02-29,29,2,February,1,2024
20240301,2024-03-01,1,3,March,1,2024
20240305,2024-03-05,5,3,March,1,2024
20240307,2024-03-07,7,3,March,1,2024
20240308,2024-03-08,8,3,March,1,2024
20240310,2024-03-10,10,3,March,1,2024
20240316,2024-03-16,16,3,March,1,2024
20240321,2024-03-21,21,3,March,1,2024
20240325,2024-03-25,25,3,March,1,2024
20240327,2024-03-27,27,3,March,1,2024
20240328,2024-03-28,28,3,March,1,2024
20240329,2024-03-29,29,3,March,1,2024
20240331,2024-03-31,31,3,March,1,2024
20240401,2024-04-01,1,4,April,2,2024
20240403,2024-04-03,3,4,April,2,2024
20240404,2024-04-04,4,4,April,2,2024
20240405,2024-04-05,5,4,April,2,2024
20240407,2024-04-07,7,4,April,2,2024
20240409,2024-04-09,9,4,April,2,2024
20240410,2024-04-10,10,4,April,2,2024
20240411,2024-04-11,11,4,April,2,2024
20240412,2024-04-12,12,4,April,2,2024
20240413,2024-04-13,13,4,April,2,2024
20240415,2024-04-15,15,4,April,2,2024
20240416,2024-04-16,16,4,April,2,2024
20240417,2024-04-17,17,4,April,2,2024
20240418,2024-04-18,18,4,April,2,2024
20240422,2024-04-22,22,4,April,2,2024
20240423,2024-04-23,23,4,April,2,2024
20240425,2024-04-25,25,4,April,2,2024
20240426,2024-04-26,26,4,April,2,2024
20240429,2024-04-29,29,4,April,2,2024
20240502,2024-05-02,2,5,May,2,2024
20240507,2024-05-07,7,5,May,2,2024
20240508,2024-05-08,8,5,May,2,2024
20240509,2024-05-09,9,5,May,2,2024
20240510,2024-05-10,10,5,May,2,2024
20240512,2024-05-12,12,5,May,2,2024
20240513,2024-05-13,13,5,May,2,2024
20240514,2024-05-14,14,5,May,2,2024
20240515,2024-05-15,15,5,May,2,2024
20240516,2024-05-16,16,5,May,2,2024
20240517,2024-05-17,17,5,May,2,2024
20240520,2024-05-20,20,5,May,2,2024
20240521,2024-05-21,21,5,May,2,2024
20240523,2024-05-23,23,5,May,2,2024
20240524,2024-05-24,24,5,May,2,2024
20240528,2024-05-28,28,5,May,2,2024
20240529,2024-05-29,29,5,May,2,2024
20240531,2024-05-31,31,5,May,2,2024
20240603,2024-06-03,3,6,June,2,2024
20240604,2024-06-04,4,6,June,2,2024
20240610,2024-06-10,10,6,June,2,2024
20240611,2024-06-11,11,6,June,2,2024
20240613,2024-06-13,13,6,June,2,2024
20240616,2024-06-16,16,6,June,2,2024
20240617,2024-06-17,17,6,June,2,2024
20240619,2024-06-19,19,6,June,2,2024
20240621,2024-06-21,21,6,June,2,2024
20240622,2024-06-22,22,6,June,2,2024
20240625,2024-06-25,25,6,June,2,2024
20240626,2024-06-26,26,6,June,2,2024
20240627,2024-06-27,27,6,June,2,2024
20240628,2024-06-28,28,6,June,2,2024
20240630,2024-06-30,30,6,June,2,2024
20240702,2024-07-02,2,7,July,3,2024
20240711,2024-07-11,11,7,July,3,2024
20240717,2024-07-17,17,7,July,3,2024
20240719,2024-07-19,19,7,July,3,2024
20240720,2024-07-20,20,7,July,3,2024
20240722,2024-07-22,22,7,July,3,2024
20240725,2024-07-25,25,7,July,3,2024
20240726,2024-07-26,26,7,July,3,2024
20240729,2024-07-29,29,7,July,3,2024
20240731,2024-07-31,31,7,July,3,2024
20240801,2024-08-01,1,8,August,3,2024
20240808,2024-08-08,8,8,August,3,2024
20240815,2024-08-15,15,8,August,3,2024
20240819,2024-08-19,19,8,August,3,2024
20240820,2024-08-20,20,8,August,3,2024
20240822,2024-08-22,22,8,August,3,2024
20240823,2024-08-23,23,8,August,3,2024
20240825,2024-08-25,25,8,August,3,2024
20240826,2024-08-26,26,8,August,3,2024
20240827,2024-08-27,27,8,August,3,2024
20240831,2024-08-31,31,8,August,3,2024
20240902,2024-09-02,2,9,September,3,2024
20240904,2024-09-04,4,9,September,3,2024
20240905,2024-09-05,5,9,September,3,2024
20240906,2024-09-06,6,9,September,3,2024
20240909,2024-09-09,9,9,September,3,2024
20240910,2024-09-10,10,9,September,3,2024
20240911,2024-09-11,11,9,September,3,2024
20240912,2024-09-12,12,9,September,3,2024
20240916,2024-09-16,16,9,September,3,2024
20240917,2024-09-17,17,9,September,3,2024
20240918,2024-09-18,18,9,September,3,2024
20240919,2024-09-19,19,9,September,3,2024
20240920,2024-09-20,20,9,September,3,2024
20240922,2024-09-22,22,9,September,3,2024
20240923,2024-09-23,23,9,September,3,2024
20240924,2024-09-24,24,9,September,3,2024
20240925,2024-09-25,25,9,September,3,2024
20240926,2024-09-26,26,9,September,3,2024
20240927,2024-09-27,27,9,September,3,2024
20240929,2024-09-29,29,9,September,3,2024
20241002,2024-10-02,2,10,October,4,2024
20241003,2024-10-03,3,10,October,4,2024
20241004,2024-10-04,4,10,October,4,2024
20241008,2024-10-08,8,10,October,4,2024
20241009,2024-10-09,9,10,October,4,2024
20241010,2024-10-10,10,10,October,4,2024
20241011,2024-10-11,11,10,October,4,2024
20241014,2024-10-14,14,10,October,4,2024
20241016,2024-10-16,16,10,October,4,2024
20241017,2024-10-17,17,10,October,4,2024
20241018,2024-10-18,18,10,October,4,2024
20241021,2024-10-21,21,10,October,4,2024
20241022,2024-10-22,22,10,October,4,2024
20241023,2024-10-23,23,10,October,4,2024
20241024,2024-10-24,24,10,October,4,2024
20241027,2024-10-27,27,10,October,4,2024
20241028,2024-10-28,28,10,October,4,2024
20241030,2024-10-30,30,10,October,4,2024
20241031,2024-10-31,31,10,October,4,2024
20241101,2024-11-01,1,11,November,4,2024
20241105,2024-11-05,5,11,November,4,2024
20241107,2024-11-07,7,11,November,4,2024
20241108,2024-11-08,8,11,November,4,2024
20241111,2024-11-11,11,11,November,4,2024
20241112,2024-11-12,12,11,November,4,2024
20241113,2024-11-13,13,11,November,4,2024
20241114,2024-11-14,14,11,November,4,2024
20241121,2024-11-21,21,11,November,4,2024
20241123,2024-11-23,23,11,November,4,2024
20241124,2024-11-24,24,11,November,4,2024
20241125,2024-11-25,25,11,November,4,2024
20241127,2024-11-27,27,11,November,4,2024
20241129,2024-11-29,29,11,November,4,2024
20241130,2024-11-30,30,11,November,4,2024
20241202,2024-12-02,2,12,December,4,2024
20241205,2024-12-05,5,12,December,4,2024
20241207,2024-12-07,7,12,December,4,2024
20241211,2024-12-11,11,12,December,4,2024
20241212,2024-12-12,12,12,December,4,2024
20241213,2024-12-13,13,12,December,4,2024
20241214,2024-12-14,14,12,December,4,2024
20241217,2024-12-17,17,12,December,4,2024
20241218,2024-12-18,18,12,December,4,2024
20241219,2024-12-19,19,12,December,4,2024
20241220,2024-12-20,20,12,December,4,2024
20241230,2024-12-30,30,12,December,4,2024
20250101,2025-01-01,1,1,January,1,2025
20250108,2025-01-08,8,1,January,1,2025
20250110,2025-01-10,10,1,January,1,2025
20250115,2025-01-15,15,1,January,1,2025
20250116,2025-01-16,16,1,January,1,2025
20250117,2025-01-17,17,1,January,1,2025
20250118,2025-01-18,18,1,January,1,2025
20250119,2025-01-19,19,1,January,1,2025
20250120,2025-01-20,20,1,January,1,2025
20250124,2025-01-24,24,1,January,1,2025
20250126,2025-01-26,26,1,January,1,2025
20250127,2025-01-27,27,1,January,1,2025
20250128,2025-01-28,28,1,January,1,2025
20250129,2025-01-29,29,1,January,1,2025
20250203,2025-02-03,3,2,February,1,2025
20250204,2025-02-04,4,2,February,1,2025
20250210,2025-02-10,10,2,February,1,2025
20250218,2025-02-18,18,2,February,1,2025
20250220,2025-02-20,20,2,February,1,2025
20250221,2025-02-21,21,2,February,1,2025
20250225,2025-02-25,25,2,February,1,2025
20250227,2025-02-27,27,2,February,1,2025
20250228,2025-02-28,28,2,February,1,2025
20250304,2025-03-04,4,3,March,1,2025
20250306,2025-03-06,6,3,March,1,2025
20250307,2025-03-07,7,3,March,1,2025
20250311,2025-03-11,11,3,March,1,2025
20250319,2025-03-19,19,3,March,1,2025
20250327,2025-03-27,27,3,March,1,2025
20250402,2025-04-02,2,4,April,2,2025
20250409,2025-04-09,9,4,April,2,2025
20250410,2025-04-10,10,4,April,2,2025
20250414,2025-04-14,14,4,April,2,2025
20250416,2025-04-16,16,4,April,2,2025
20250417,2025-04-17,17,4,April,2,2025
20250419,2025-04-19,19,4,April,2,2025
20250422,2025-04-22,22,4,April,2,2025
20250425,2025-04-25,25,4,April,2,2025
20250429,2025-04-29,29,4,April,2,2025
20250430,2025-04-30,30,4,April,2,2025
20250505,2025-05-05,5,5,May,2,2025
20250506,2025-05-06,6,5,May,2,2025
20250509,2025-05-09,9,5,May,2,2025
20250511,2025-05-11,11,5,May,2,2025
20250513,2025-05-13,13,5,May,2,2025
20250515,2025-05-15,15,5,May,2,2025
20250516,2025-05-16,16,5,May,2,2025
20250518,2025-05-18,18,5,May,2,2025
20250521,2025-05-21,21,5,May,2,2025
20250523,2025-05-23,23,5,May,2,2025
20250527,2025-05-27,27,5,May,2,2025
20250529,2025-05-29,29,5,May,2,2025
20250530,2025-05-30,30,5,May,2,2025
20250602,2025-06-02,2,6,June,2,2025
20250611,2025-06-11,11,6,June,2,2025
20250617,2025-06-17,17,6,June,2,2025
20250619,2025-06-19,19,6,June,2,2025
20250620,2025-06-20,20,6,June,2,2025
20250707,2025-07-07,7,7,July,3,2025
20250709,2025-07-09,9,7,July,3,2025
20250710,2025-07-10,10,7,July,3,2025
20250711,2025-07-11,11,7,July,3,2025
20250717,2025-07-17,17,7,July,3,2025
20250718,2025-07-18,18,7,July,3,2025
20250721,2025-07-21,21,7,July,3,2025
20250722,2025-07-22,22,7,July,3,2025
20250723,2025-07-23,23,7,July,3,2025
20250724,2025-07-24,24,7,July,3,2025
20250728,2025-07-28,28,7,July,3,2025
20250730,2025-07-30,30,7,July,3,2025
20250731,2025-07-31,31,7,July,3,2025
20250801,2025-08-01,1,8,August,3,2025
20250802,2025-08-02,2,8,August,3,2025
20250804,2025-08-04,4,8,August,3,2025
20250812,2025-08-12,12,8,August,3,2025
20250813,2025-08-13,13,8,August,3,2025
20250814,2025-08-14,14,8,August,3,2025
20250828,2025-08-28,28,8,August,3,2025
20250829,2025-08-29,29,8,August,3,2025
20250903,2025-09-03,3,9,September,3,2025
20250904,2025-09-04,4,9,September,3,2025
20250914,2025-09-14,14,9,September,3,2025
20250915,2025-09-15,15,9,September,3,2025
20250918,2025-09-18,18,9,September,3,2025
20250919,2025-09-19,19,9,September,3,2025
20250923,2025-09-23,23,9,September,3,2025
20250925,2025-09-25,25,9,September,3,2025
20251010,2025-10-10,10,10,October,4,2025
20251021,2025-10-21,21,10,October,4,2025
20251022,2025-10-22,22,10,October,4,2025
20251023,2025-10-23,23,10,October,4,2025
20251024,2025-10-24,24,10,October,4,2025
20251030,2025-10-30,30,10,October,4,2025
20251101,2025-11-01,1,11,November,4,2025
20251102,2025-11-02,2,11,November,4,2025
20251106,2025-11-06,6,11,November,4,2025
20251107,2025-11-07,7,11,November,4,2025
20251112,2025-11-12,12,11,November,4,2025
20251116,2025-11-16,16,11,November,4,2025
20251118,2025-11-18,18,11,November,4,2025
20251120,2025-11-20,20,11,November,4,2025
20251122,2025-11-22,22,11,November,4,2025
20251126,2025-11-26,26,11,November,4,2025
20251130,2025-11-30,30,11,November,4,2025
20251205,2025-12-05,5,12,December,4,2025
20251206,2025-12-06,6,12,December,4,2025
20251207,2025-12-07,7,12,December,4,2025
20251210,2025-12-10,10,12,December,4,2025
20251218,2025-12-18,18,12,December,4,2025
20251223,2025-12-23,23,12,December,4,2025
20251227,2025-12-27,27,12,December,4,2025
20260105,2026-01-05,5,1,January,1,2026
20260109,2026-01-09,9,1,January,1,2026
20260110,2026-01-10,10,1,January,1,2026
20260119,2026-01-19,19,1,January,1,2026
20260121,2026-01-21,21,1,January,1,2026
20260122,2026-01-22,22,1,January,1,2026
20260123,2026-01-23,23,1,January,1,2026
20260126,2026-01-26,26,1,January,1,2026
20260130,2026-01-30,30,1,January,1,2026
20260131,2026-01-31,31,1,January,1,2026
20260203,2026-02-03,3,2,February,1,2026
20260204,2026-02-04,4,2,February,1,2026
20260206,2026-02-06,6,2,February,1,2026
20260210,2026-02-10,10,2,February,1,2026
20260211,2026-02-11,11,2,February,1,2026
20260213,2026-02-13,13,2,February,1,2026
20260217,2026-02-17,17,2,February,1,2026
20260218,2026-02-18,18,2,February,1,2026
20260221,2026-02-21,21,2,February,1,2026
20260226,2026-02-26,26,2,February,1,2026
20260303,2026-03-03,3,3,March,1,2026
20260305,2026-03-05,5,3,March,1,2026
20260310,2026-03-10,10,3,March,1,2026
20260312,2026-03-12,12,3,March,1,2026
20260313,2026-03-13,13,3,March,1,2026
20260315,2026-03-15,15,3,March,1,2026
20260317,2026-03-17,17,3,March,1,2026
20260318,2026-03-18,18,3,March,1,2026
20260319,2026-03-19,19,3,March,1,2026
20260326,2026-03-26,26,3,March,1,2026
20260402,2026-04-02,2,4,April,2,2026
20260404,2026-04-04,4,4,April,2,2026
20260410,2026-04-10,10,4,April,2,2026
20260414,2026-04-14,14,4,April,2,2026
20260417,2026-04-17,17,4,April,2,2026
20260423,2026-04-23,23,4,April,2,2026
20260429,2026-04-29,29,4,April,2,2026
20260513,2026-05-13,13,5,May,2,2026
20260515,2026-05-15,15,5,May,2,2026
20260602,2026-06-02,2,6,June,2,2026
20260603,2026-06-03,3,6,June,2,2026
20260605,2026-06-05,5,6,June,2,2026
20260607,2026-06-07,7,6,June,2,2026
20260612,2026-06-12,12,6,June,2,2026
20260616,2026-06-16,16,6,June,2,2026
20260617,2026-06-17,17,6,June,2,2026
20260623,2026-06-23,23,6,June,2,2026
20260624,2026-06-24,24,6,June,2,2026
20260713,2026-07-13,13,7,July,3,2026
20260718,2026-07-18,18,7,July,3,2026
20260727,2026-07-27,27,7,July,3,2026
20260731,2026-07-31,31,7,July,3,2026
20260803,2026-08-03,3,8,August,3,2026
20260804,2026-08-04,4,8,August,3,2026
20260808,2026-08-08,8,8,August,3,2026
